{
  "cover": "C:\\Study\\Крипта\\Stego_LSB\\imgs\\original\\gradient.png",
  "stego": "C:\\Study\\Крипта\\Stego_LSB\\imgs\\steg\\gradient_steg.png",
  "payload": 0.01,
  "psnr": 71.11046351613722,
  "ssim": 0.9999343742054735,
  "chi2": {
    "channels": {
      "R": {
        "chi2_total": 265.58307291666665,
        "df": 127,
        "p_value": 7.97784061035145e-12
      },
      "G": {
        "chi2_total": 180.98072916666666,
        "df": 127,
        "p_value": 0.001182840183378775
      },
      "B": {
        "chi2_total": 49552.627510981845,
        "df": 127,
        "p_value": 0.0
      }
    },
    "overall": {
      "chi2_total": 16666.39710435506,
      "df": 127,
      "p_value": 0.0
    }
  },
  "auc": 0.48679447174072266,
  "cover_block_count": 1024,
  "stego_block_count": 1024
}