{
  "cover": "C:\\Study\\Крипта\\Stego_LSB\\imgs\\original\\gradient.png",
  "stego": "C:\\Study\\Крипта\\Stego_LSB\\results\\gradient_steg\\payload_500\\gradient_steg_payload500.png",
  "payload": 0.05,
  "chi2": {
    "channels": {
      "R": {
        "chi2_total": 264.45416666666665,
        "df": 127,
        "p_value": 1.0788814286399884e-11
      },
      "G": {
        "chi2_total": 353.91236979166666,
        "df": 127,
        "p_value": 0.0
      },
      "B": {
        "chi2_total": 36785.99687499307,
        "df": 127,
        "p_value": 0.0
      }
    },
    "overall": {
      "chi2_total": 12468.121137150469,
      "df": 127,
      "p_value": 0.0
    }
  },
  "auc": 0.4564380645751953,
  "cover_block_count": 1024,
  "stego_block_count": 1024
}