{
  "cover": "C:\\Study\\Крипта\\Stego_LSB\\imgs\\original\\squirrel.png",
  "stego": "C:\\Study\\Крипта\\Stego_LSB\\results\\squirrel_steg\\payload_10\\squirrel_steg_payload10.png",
  "payload": 0.001,
  "chi2": {
    "channels": {
      "R": {
        "chi2_total": 370.8417195900082,
        "df": 127,
        "p_value": 0.0
      },
      "G": {
        "chi2_total": 201.34011838567596,
        "df": 127,
        "p_value": 2.9444584004889585e-05
      },
      "B": {
        "chi2_total": 3679.2008580169822,
        "df": 125,
        "p_value": 0.0
      }
    },
    "overall": {
      "chi2_total": 1417.1275653308887,
      "df": 126,
      "p_value": 0.0
    }
  },
  "auc": 0.49999475479125977,
  "cover_block_count": 1024,
  "stego_block_count": 1024
}