{
  "actual": {
    "cover": "C:\\Study\\Крипта\\Stego_LSB\\imgs\\original\\squirrel.png",
    "stego": "C:\\Study\\Крипта\\Stego_LSB\\imgs\\steg\\squirrel_steg.png",
    "payload": 0.005,
    "psnr": 74.16928850072115,
    "ssim": 0.9999953934748064,
    "chi2": {
      "channels": {
        "R": {
          "chi2_total": 374.13312850893743,
          "df": 127,
          "p_value": 0.0
        },
        "G": {
          "chi2_total": 197.03638923854692,
          "df": 127,
          "p_value": 6.777650979794547e-05
        },
        "B": {
          "chi2_total": 3617.011985358052,
          "df": 125,
          "p_value": 0.0
        }
      },
      "overall": {
        "chi2_total": 1396.0605010351785,
        "df": 126,
        "p_value": 0.0
      }
    },
    "auc": 0.4997868537902832,
    "cover_block_count": 1024,
    "stego_block_count": 1024
  },
  "experiments": [
    {
      "cover": "C:\\Study\\Крипта\\Stego_LSB\\imgs\\original\\squirrel.png",
      "stego": "C:\\Study\\Крипта\\Stego_LSB\\results\\squirrel_steg\\payload_10\\squirrel_steg_payload10.png",
      "payload": 0.001,
      "chi2": {
        "channels": {
          "R": {
            "chi2_total": 370.8417195900082,
            "df": 127,
            "p_value": 0.0
          },
          "G": {
            "chi2_total": 201.34011838567596,
            "df": 127,
            "p_value": 2.9444584004889585e-05
          },
          "B": {
            "chi2_total": 3679.2008580169822,
            "df": 125,
            "p_value": 0.0
          }
        },
        "overall": {
          "chi2_total": 1417.1275653308887,
          "df": 126,
          "p_value": 0.0
        }
      },
      "auc": 0.49999475479125977,
      "cover_block_count": 1024,
      "stego_block_count": 1024
    },
    {
      "cover": "C:\\Study\\Крипта\\Stego_LSB\\imgs\\original\\squirrel.png",
      "stego": "C:\\Study\\Крипта\\Stego_LSB\\results\\squirrel_steg\\payload_50\\squirrel_steg_payload50.png",
      "payload": 0.005,
      "chi2": {
        "channels": {
          "R": {
            "chi2_total": 374.13312850893743,
            "df": 127,
            "p_value": 0.0
          },
          "G": {
            "chi2_total": 197.03638923854692,
            "df": 127,
            "p_value": 6.777650979794547e-05
          },
          "B": {
            "chi2_total": 3617.011985358052,
            "df": 125,
            "p_value": 0.0
          }
        },
        "overall": {
          "chi2_total": 1396.0605010351785,
          "df": 126,
          "p_value": 0.0
        }
      },
      "auc": 0.4997868537902832,
      "cover_block_count": 1024,
      "stego_block_count": 1024
    },
    {
      "cover": "C:\\Study\\Крипта\\Stego_LSB\\imgs\\original\\squirrel.png",
      "stego": "C:\\Study\\Крипта\\Stego_LSB\\results\\squirrel_steg\\payload_100\\squirrel_steg_payload100.png",
      "payload": 0.01,
      "chi2": {
        "channels": {
          "R": {
            "chi2_total": 378.4265047184899,
            "df": 127,
            "p_value": 0.0
          },
          "G": {
            "chi2_total": 196.5257390375184,
            "df": 127,
            "p_value": 7.468931882581575e-05
          },
          "B": {
            "chi2_total": 3564.9454474245867,
            "df": 125,
            "p_value": 0.0
          }
        },
        "overall": {
          "chi2_total": 1379.9658970601984,
          "df": 126,
          "p_value": 0.0
        }
      },
      "auc": 0.49962806701660156,
      "cover_block_count": 1024,
      "stego_block_count": 1024
    },
    {
      "cover": "C:\\Study\\Крипта\\Stego_LSB\\imgs\\original\\squirrel.png",
      "stego": "C:\\Study\\Крипта\\Stego_LSB\\results\\squirrel_steg\\payload_500\\squirrel_steg_payload500.png",
      "payload": 0.05,
      "chi2": {
        "channels": {
          "R": {
            "chi2_total": 403.2106540757239,
            "df": 127,
            "p_value": 0.0
          },
          "G": {
            "chi2_total": 192.45552990403104,
            "df": 127,
            "p_value": 0.0001597231946602884
          },
          "B": {
            "chi2_total": 3055.3441218938165,
            "df": 125,
            "p_value": 0.0
          }
        },
        "overall": {
          "chi2_total": 1217.0034352911905,
          "df": 126,
          "p_value": 0.0
        }
      },
      "auc": 0.49806737899780273,
      "cover_block_count": 1024,
      "stego_block_count": 1024
    },
    {
      "cover": "C:\\Study\\Крипта\\Stego_LSB\\imgs\\original\\squirrel.png",
      "stego": "C:\\Study\\Крипта\\Stego_LSB\\results\\squirrel_steg\\payload_5000\\squirrel_steg_payload5000.png",
      "payload": 0.5,
      "chi2": {
        "channels": {
          "R": {
            "chi2_total": 803.5227189207595,
            "df": 127,
            "p_value": 0.0
          },
          "G": {
            "chi2_total": 624.967566851073,
            "df": 127,
            "p_value": 0.0
          },
          "B": {
            "chi2_total": 1215.1432576991006,
            "df": 125,
            "p_value": 0.0
          }
        },
        "overall": {
          "chi2_total": 881.2111811569777,
          "df": 126,
          "p_value": 0.0
        }
      },
      "auc": 0.49802541732788086,
      "cover_block_count": 1024,
      "stego_block_count": 1024
    },
    {
      "cover": "C:\\Study\\Крипта\\Stego_LSB\\imgs\\original\\squirrel.png",
      "stego": "C:\\Study\\Крипта\\Stego_LSB\\results\\squirrel_steg\\payload_7000\\squirrel_steg_payload7000.png",
      "payload": 0.7,
      "chi2": {
        "channels": {
          "R": {
            "chi2_total": 1416.3592874322007,
            "df": 127,
            "p_value": 0.0
          },
          "G": {
            "chi2_total": 1149.8925848876495,
            "df": 127,
            "p_value": 0.0
          },
          "B": {
            "chi2_total": 1278.0897248513272,
            "df": 125,
            "p_value": 0.0
          }
        },
        "overall": {
          "chi2_total": 1281.4471990570592,
          "df": 126,
          "p_value": 0.0
        }
      },
      "auc": 0.4977712631225586,
      "cover_block_count": 1024,
      "stego_block_count": 1024
    }
  ]
}