{
  "cover": "C:\\Study\\Крипта\\Stego_LSB\\imgs\\original\\squirrel.png",
  "stego": "C:\\Study\\Крипта\\Stego_LSB\\results\\squirrel_steg\\payload_100\\squirrel_steg_payload100.png",
  "payload": 0.01,
  "chi2": {
    "channels": {
      "R": {
        "chi2_total": 378.4265047184899,
        "df": 127,
        "p_value": 0.0
      },
      "G": {
        "chi2_total": 196.5257390375184,
        "df": 127,
        "p_value": 7.468931882581575e-05
      },
      "B": {
        "chi2_total": 3564.9454474245867,
        "df": 125,
        "p_value": 0.0
      }
    },
    "overall": {
      "chi2_total": 1379.9658970601984,
      "df": 126,
      "p_value": 0.0
    }
  },
  "auc": 0.49962806701660156,
  "cover_block_count": 1024,
  "stego_block_count": 1024
}