{
  "cover": "C:\\Study\\Крипта\\Stego_LSB\\imgs\\original\\noise_texture.png",
  "stego": "C:\\Study\\Крипта\\Stego_LSB\\results\\noise_texture_steg\\payload_10\\noise_texture_steg_payload10.png",
  "payload": 0.001,
  "chi2": {
    "channels": {
      "R": {
        "chi2_total": 192.4593077129489,
        "df": 103,
        "p_value": 2.2021606516098302e-07
      },
      "G": {
        "chi2_total": 248.92455488364283,
        "df": 108,
        "p_value": 3.885780586188048e-13
      },
      "B": {
        "chi2_total": 206.18864076785087,
        "df": 107,
        "p_value": 2.8490092396360467e-08
      }
    },
    "overall": {
      "chi2_total": 215.85750112148085,
      "df": 106,
      "p_value": 1.66877700547019e-09
    }
  },
  "auc": 0.4990835189819336,
  "cover_block_count": 1024,
  "stego_block_count": 1024
}