{
  "cover": "C:\\Study\\Крипта\\Stego_LSB\\imgs\\original\\noise_texture.png",
  "stego": "C:\\Study\\Крипта\\Stego_LSB\\imgs\\steg\\noise_texture_steg.png",
  "payload": 0.005,
  "psnr": 74.16928850072115,
  "ssim": 0.9999920159006587,
  "chi2": {
    "channels": {
      "R": {
        "chi2_total": 186.49209096566852,
        "df": 103,
        "p_value": 9.166269283600315e-07
      },
      "G": {
        "chi2_total": 250.3205731920962,
        "df": 108,
        "p_value": 2.59015031645049e-13
      },
      "B": {
        "chi2_total": 207.78121643010147,
        "df": 107,
        "p_value": 1.9102904591505876e-08
      }
    },
    "overall": {
      "chi2_total": 214.8646268626221,
      "df": 106,
      "p_value": 2.165896462180683e-09
    }
  },
  "auc": 0.49410009384155273,
  "cover_block_count": 1024,
  "stego_block_count": 1024
}