{
  "cover": "C:\\Study\\Крипта\\Stego_LSB\\imgs\\original\\noise_texture.png",
  "stego": "C:\\Study\\Крипта\\Stego_LSB\\results\\noise_texture_steg\\payload_100\\noise_texture_steg_payload100.png",
  "payload": 0.01,
  "chi2": {
    "channels": {
      "R": {
        "chi2_total": 191.25383481516383,
        "df": 103,
        "p_value": 2.948525950063896e-07
      },
      "G": {
        "chi2_total": 254.07444809116265,
        "df": 108,
        "p_value": 8.637535131583718e-14
      },
      "B": {
        "chi2_total": 206.49220299639032,
        "df": 107,
        "p_value": 2.640606899806386e-08
      }
    },
    "overall": {
      "chi2_total": 217.27349530090558,
      "df": 106,
      "p_value": 1.1484549977680558e-09
    }
  },
  "auc": 0.49443483352661133,
  "cover_block_count": 1024,
  "stego_block_count": 1024
}